intersection_id,display_name,latitude,longitude,osm_node_id,source
osm-10782329340,Semáforo 10782329340,-27.105167,-52.600046,10782329340,osm
osm-10914509192,Semáforo 10914509192,-27.10485,-52.600173,10914509192,osm
osm-10915187624,Semáforo 10915187624,-27.09275,-52.605024,10915187624,osm
osm-10915187625,Semáforo 10915187625,-27.092654,-52.605047,10915187625,osm
osm-13235319791,Semáforo 13235319791,-27.096177,-52.667703,13235319791,osm
osm-13235319792,Semáforo 13235319792,-27.096189,-52.667593,13235319792,osm
osm-13653642974,Semáforo 13653642974,-27.096249,-52.667726,13653642974,osm
osm-1551971571,Semáforo 1551971571,-27.088524,-52.616756,1551971571,osm
osm-1576561124,Semáforo 1576561124,-27.097497,-52.602203,1576561124,osm
osm-1794818164,Semáforo 1794818164,-27.105215,-52.616236,1794818164,osm
osm-1794870732,Semáforo 1794870732,-27.09041,-52.620338,1794870732,osm
osm-1795604211,Semáforo 1795604211,-27.118921,-52.616849,1795604211,osm
osm-1796017953,Semáforo 1796017953,-27.093918,-52.62575,1796017953,osm
osm-1796032445,Semáforo 1796032445,-27.088369,-52.614828,1796032445,osm
osm-1796268884,Semáforo 1796268884,-27.110224,-52.6244,1796268884,osm
osm-1797043257,Semáforo 1797043257,-27.105814,-52.604368,1797043257,osm
osm-1797419409,Semáforo 1797419409,-27.091016,-52.614515,1797419409,osm
osm-1797522157,Semáforo 1797522157,-27.093666,-52.615327,1797522157,osm
osm-1798279172,Semáforo 1798279172,-27.108669,-52.611176,1798279172,osm
osm-1801147549,Semáforo 1801147549,-27.096461,-52.621838,1801147549,osm
osm-1804259034,Semáforo 1804259034,-27.107854,-52.613622,1804259034,osm
osm-1804259059,Semáforo 1804259059,-27.10725,-52.611564,1804259059,osm
osm-1804259077,Semáforo 1804259077,-27.107861,-52.613345,1804259077,osm
osm-1812964394,Semáforo 1812964394,-27.08903,-52.606026,1812964394,osm
osm-1812964407,Semáforo 1812964407,-27.09782,-52.603588,1812964407,osm
osm-1812964438,Semáforo 1812964438,-27.10519,-52.601535,1812964438,osm
osm-1925320476,Semáforo 1925320476,-27.102415,-52.612897,1925320476,osm
osm-1925320481,Semáforo 1925320481,-27.104214,-52.612399,1925320481,osm
osm-1925320483,Semáforo 1925320483,-27.104381,-52.612429,1925320483,osm
osm-1925320491,Semáforo 1925320491,-27.107404,-52.611591,1925320491,osm
osm-1955252880,Semáforo 1955252880,-27.078449,-52.621803,1955252880,osm
osm-1955252919,Semáforo 1955252919,-27.100338,-52.615618,1955252919,osm
osm-1955915856,Semáforo 1955915856,-27.100513,-52.615411,1955915856,osm
osm-1957289528,Semáforo 1957289528,-27.101616,-52.61526,1957289528,osm
osm-1957289535,Semáforo 1957289535,-27.101756,-52.615305,1957289535,osm
osm-1957289541,Semáforo 1957289541,-27.101786,-52.615039,1957289541,osm
osm-1957289562,Semáforo 1957289562,-27.102874,-52.614914,1957289562,osm
osm-1957289566,Semáforo 1957289566,-27.103023,-52.614953,1957289566,osm
osm-1957289570,Semáforo 1957289570,-27.103048,-52.614698,1957289570,osm
osm-1958573546,Semáforo 1958573546,-27.090426,-52.62041,1958573546,osm
osm-1958573579,Semáforo 1958573579,-27.103427,-52.616804,1958573579,osm
osm-1959065209,Semáforo 1959065209,-27.078329,-52.621556,1959065209,osm
osm-1959065219,Semáforo 1959065219,-27.078355,-52.621715,1959065219,osm
osm-1959065221,Semáforo 1959065221,-27.078459,-52.621395,1959065221,osm
osm-1959065224,Semáforo 1959065224,-27.078561,-52.621491,1959065224,osm
osm-1959065226,Semáforo 1959065226,-27.07859,-52.62165,1959065226,osm
osm-1959065441,Semáforo 1959065441,-27.102882,-52.61466,1959065441,osm
osm-1959065454,Semáforo 1959065454,-27.103336,-52.616722,1959065454,osm
osm-1959065456,Semáforo 1959065456,-27.103358,-52.616823,1959065456,osm
osm-2004998509,Semáforo 2004998509,-27.093028,-52.622723,2004998509,osm
osm-2004998605,Semáforo 2004998605,-27.118864,-52.616934,2004998605,osm
osm-2036930619,Semáforo 2036930619,-27.088504,-52.616661,2036930619,osm
osm-2036930625,Semáforo 2036930625,-27.093647,-52.615238,2036930625,osm
osm-2036930637,Semáforo 2036930637,-27.104384,-52.612234,2036930637,osm
osm-2038072297,Semáforo 2038072297,-27.094786,-52.615016,2038072297,osm
osm-2038072299,Semáforo 2038072299,-27.094843,-52.614833,2038072299,osm
osm-2038072306,Semáforo 2038072306,-27.094959,-52.615051,2038072306,osm
osm-2038072307,Semáforo 2038072307,-27.094973,-52.614866,2038072307,osm
osm-2038072323,Semáforo 2038072323,-27.096309,-52.621822,2038072323,osm
osm-2038072325,Semáforo 2038072325,-27.096328,-52.621625,2038072325,osm
osm-2038072328,Semáforo 2038072328,-27.096484,-52.621658,2038072328,osm
osm-2038124672,Semáforo 2038124672,-27.106299,-52.607313,2038124672,osm
osm-2038495264,Semáforo 2038495264,-27.101623,-52.615008,2038495264,osm
osm-2038495270,Semáforo 2038495270,-27.102034,-52.617195,2038495270,osm
osm-2038495271,Semáforo 2038495271,-27.102062,-52.617022,2038495271,osm
osm-2038495277,Semáforo 2038495277,-27.102192,-52.617268,2038495277,osm
osm-2038512370,Semáforo 2038512370,-27.102214,-52.617036,2038512370,osm
osm-2038512387,Semáforo 2038512387,-27.102653,-52.620055,2038512387,osm
osm-2038512390,Semáforo 2038512390,-27.102682,-52.619824,2038512390,osm
osm-2038512399,Semáforo 2038512399,-27.102866,-52.620113,2038512399,osm
osm-2038512402,Semáforo 2038512402,-27.102861,-52.619903,2038512402,osm
osm-2038603995,Semáforo 2038603995,-27.091533,-52.615919,2038603995,osm
osm-2038603997,Semáforo 2038603997,-27.091631,-52.615973,2038603997,osm
osm-2038603998,Semáforo 2038603998,-27.091656,-52.615789,2038603998,osm
osm-2038604004,Semáforo 2038604004,-27.091974,-52.617936,2038604004,osm
osm-2038604005,Semáforo 2038604005,-27.092004,-52.61767,2038604005,osm
osm-2038604006,Semáforo 2038604006,-27.092075,-52.61801,2038604006,osm
osm-2038604007,Semáforo 2038604007,-27.092106,-52.617739,2038604007,osm
osm-2038604010,Semáforo 2038604010,-27.092405,-52.619876,2038604010,osm
osm-2038604011,Semáforo 2038604011,-27.092447,-52.619692,2038604011,osm
osm-2038604012,Semáforo 2038604012,-27.092497,-52.619912,2038604012,osm
osm-2038604013,Semáforo 2038604013,-27.092539,-52.619735,2038604013,osm
osm-2038604016,Semáforo 2038604016,-27.092719,-52.621282,2038604016,osm
osm-2038604017,Semáforo 2038604017,-27.092759,-52.621113,2038604017,osm
osm-2038604019,Semáforo 2038604019,-27.092809,-52.621345,2038604019,osm
osm-2038604020,Semáforo 2038604020,-27.092851,-52.621151,2038604020,osm
osm-2038604037,Semáforo 2038604037,-27.095661,-52.618992,2038604037,osm
osm-2038604038,Semáforo 2038604038,-27.095701,-52.618809,2038604038,osm
osm-2038604041,Semáforo 2038604041,-27.095833,-52.619021,2038604041,osm
osm-2038604042,Semáforo 2038604042,-27.095852,-52.618848,2038604042,osm
osm-2042623570,Semáforo 2042623570,-27.105103,-52.616355,2042623570,osm
osm-2042623573,Semáforo 2042623573,-27.10513,-52.616171,2042623573,osm
osm-2042623585,Semáforo 2042623585,-27.105244,-52.616387,2042623585,osm
osm-2042623588,Semáforo 2042623588,-27.105273,-52.616224,2042623588,osm
osm-2042623632,Semáforo 2042623632,-27.106406,-52.613931,2042623632,osm
osm-2042623635,Semáforo 2042623635,-27.106469,-52.613652,2042623635,osm
osm-2042623647,Semáforo 2042623647,-27.106588,-52.613966,2042623647,osm
osm-2042623652,Semáforo 2042623652,-27.10661,-52.613724,2042623652,osm
osm-2042638642,Semáforo 2042638642,-27.106866,-52.615879,2042638642,osm
osm-2042638647,Semáforo 2042638647,-27.106888,-52.61569,2042638647,osm
osm-2042638656,Semáforo 2042638656,-27.107019,-52.615906,2042638656,osm
osm-2042638661,Semáforo 2042638661,-27.107062,-52.615734,2042638661,osm
osm-2045124414,Semáforo 2045124414,-27.105096,-52.601561,2045124414,osm
osm-2045124487,Semáforo 2045124487,-27.105726,-52.604393,2045124487,osm
osm-2045124519,Semáforo 2045124519,-27.106337,-52.607133,2045124519,osm
osm-2045124542,Semáforo 2045124542,-27.106472,-52.607356,2045124542,osm
osm-2045124548,Semáforo 2045124548,-27.106521,-52.607207,2045124548,osm
osm-2045124573,Semáforo 2045124573,-27.106969,-52.609973,2045124573,osm
osm-2045124586,Semáforo 2045124586,-27.107096,-52.610195,2045124586,osm
osm-2045124590,Semáforo 2045124590,-27.107281,-52.611372,2045124590,osm
osm-2045124609,Semáforo 2045124609,-27.107443,-52.61141,2045124609,osm
osm-2045124616,Semáforo 2045124616,-27.1077,-52.613585,2045124616,osm
osm-2045124623,Semáforo 2045124623,-27.107717,-52.613331,2045124623,osm
osm-2045124652,Semáforo 2045124652,-27.108138,-52.615523,2045124652,osm
osm-2045124659,Semáforo 2045124659,-27.108165,-52.615339,2045124659,osm
osm-2045124686,Semáforo 2045124686,-27.108287,-52.615555,2045124686,osm
osm-2045124693,Semáforo 2045124693,-27.108328,-52.615387,2045124693,osm
osm-2045124712,Semáforo 2045124712,-27.108447,-52.616963,2045124712,osm
osm-2045124717,Semáforo 2045124717,-27.108484,-52.616763,2045124717,osm
osm-2045124755,Semáforo 2045124755,-27.108613,-52.617,2045124755,osm
osm-2045124759,Semáforo 2045124759,-27.108646,-52.616802,2045124759,osm
osm-2045124772,Semáforo 2045124772,-27.10878,-52.618352,2045124772,osm
osm-2045124779,Semáforo 2045124779,-27.1088,-52.61818,2045124779,osm
osm-2045124797,Semáforo 2045124797,-27.108927,-52.618392,2045124797,osm
osm-2045124803,Semáforo 2045124803,-27.108954,-52.618208,2045124803,osm
osm-2047239005,Semáforo 2047239005,-27.102451,-52.612724,2047239005,osm
osm-2047239024,Semáforo 2047239024,-27.102576,-52.612932,2047239024,osm
osm-2047239029,Semáforo 2047239029,-27.102592,-52.612717,2047239029,osm
osm-2047239100,Semáforo 2047239100,-27.104242,-52.612211,2047239100,osm
osm-2049699619,Semáforo 2049699619,-27.106926,-52.610152,2049699619,osm
osm-2049699627,Semáforo 2049699627,-27.107115,-52.610002,2049699627,osm
osm-2050131458,Semáforo 2050131458,-27.094474,-52.613555,2050131458,osm
osm-2050131459,Semáforo 2050131459,-27.094541,-52.613447,2050131459,osm
osm-2050131462,Semáforo 2050131462,-27.094659,-52.613586,2050131462,osm
osm-2050131465,Semáforo 2050131465,-27.094678,-52.613493,2050131465,osm
osm-2052749709,Semáforo 2052749709,-27.097431,-52.602221,2052749709,osm
osm-2052749741,Semáforo 2052749741,-27.097743,-52.603612,2052749741,osm
osm-2052750134,Semáforo 2052750134,-27.099897,-52.613596,2052750134,osm
osm-2052750135,Semáforo 2052750135,-27.099914,-52.613424,2052750135,osm
osm-2052750152,Semáforo 2052750152,-27.100042,-52.61363,2052750152,osm
osm-2052750155,Semáforo 2052750155,-27.10008,-52.613457,2052750155,osm
osm-2052750161,Semáforo 2052750161,-27.100347,-52.615367,2052750161,osm
osm-2052750175,Semáforo 2052750175,-27.100494,-52.61566,2052750175,osm
osm-2052750181,Semáforo 2052750181,-27.100769,-52.617565,2052750181,osm
osm-2052750184,Semáforo 2052750184,-27.100798,-52.61739,2052750184,osm
osm-2052750193,Semáforo 2052750193,-27.100929,-52.6176,2052750193,osm
osm-2052750198,Semáforo 2052750198,-27.100949,-52.617384,2052750198,osm
osm-2052750215,Semáforo 2052750215,-27.101399,-52.620404,2052750215,osm
osm-2052750218,Semáforo 2052750218,-27.101429,-52.620221,2052750218,osm
osm-2052750231,Semáforo 2052750231,-27.101566,-52.620443,2052750231,osm
osm-2052750234,Semáforo 2052750234,-27.101579,-52.620259,2052750234,osm
osm-2470266459,Semáforo 2470266459,-27.103638,-52.618271,2470266459,osm
osm-2470266460,Semáforo 2470266460,-27.103642,-52.618094,2470266460,osm
osm-2470266463,Semáforo 2470266463,-27.103768,-52.618312,2470266463,osm
osm-2470266464,Semáforo 2470266464,-27.103828,-52.618117,2470266464,osm
osm-2477565005,Semáforo 2477565005,-27.103949,-52.619695,2477565005,osm
osm-2477565007,Semáforo 2477565007,-27.103962,-52.619524,2477565007,osm
osm-2477565011,Semáforo 2477565011,-27.104091,-52.619754,2477565011,osm
osm-2477565013,Semáforo 2477565013,-27.104136,-52.619548,2477565013,osm
osm-2477565018,Semáforo 2477565018,-27.112577,-52.617295,2477565018,osm
osm-2477565019,Semáforo 2477565019,-27.112591,-52.617124,2477565019,osm
osm-2477565023,Semáforo 2477565023,-27.112739,-52.617324,2477565023,osm
osm-2477565026,Semáforo 2477565026,-27.112768,-52.617147,2477565026,osm
osm-2779844346,Semáforo 2779844346,-27.101103,-52.618976,2779844346,osm
osm-2779844348,Semáforo 2779844348,-27.101112,-52.6188,2779844348,osm
osm-2779844349,Semáforo 2779844349,-27.101256,-52.619059,2779844349,osm
osm-2779844350,Semáforo 2779844350,-27.101286,-52.618815,2779844350,osm
osm-3385066298,Semáforo 3385066298,-27.082798,-52.623089,3385066298,osm
osm-3385066299,Semáforo 3385066299 (forward),-27.083005,-52.623078,3385066299,osm
osm-3385066300,Semáforo 3385066300,-27.08303,-52.622846,3385066300,osm
osm-3404158882,Semáforo 3404158882,-27.105724,-52.619201,3404158882,osm
osm-3404158883,Semáforo 3404158883,-27.105755,-52.618993,3404158883,osm
osm-3404158886,Semáforo 3404158886,-27.105878,-52.619223,3404158886,osm
osm-3404158887,Semáforo 3404158887,-27.105932,-52.619049,3404158887,osm
osm-3677079885,Semáforo 3677079885 (forward),-27.093069,-52.622534,3677079885,osm
osm-3677079886,Semáforo 3677079886 (backward),-27.093125,-52.622789,3677079886,osm
osm-3781123754,Semáforo 3781123754,-27.104973,-52.600335,3781123754,osm
osm-3839243161,Semáforo 3839243161,-27.108569,-52.611103,3839243161,osm
osm-3839243166,Semáforo 3839243166,-27.108591,-52.611197,3839243166,osm
osm-3839243170,Semáforo 3839243170,-27.108648,-52.611079,3839243170,osm
osm-3902360283,Semáforo 3902360283,-27.110053,-52.617998,3902360283,osm
osm-3902360284,Semáforo 3902360284,-27.110066,-52.617836,3902360284,osm
osm-3902360285,Semáforo 3902360285,-27.110196,-52.618028,3902360285,osm
osm-3902360286,Semáforo 3902360286,-27.110219,-52.617856,3902360286,osm
osm-4006536138,Semáforo 4006536138,-27.088717,-52.60466,4006536138,osm
osm-4436130246,Semáforo 4436130246,-27.096772,-52.662805,4436130246,osm
osm-520931757,Semáforo 520931757,-27.103404,-52.616702,520931757,osm
osm-5521375532,Semáforo 5521375532,-27.093196,-52.622578,5521375532,osm
osm-6414881580,Semáforo 6414881580 (backward),-27.096608,-52.662711,6414881580,osm
osm-6414881582,Semáforo 6414881582,-27.096735,-52.662417,6414881582,osm
osm-7141542077,Semáforo 7141542077,-27.107056,-52.595799,7141542077,osm
osm-7280998617,Semáforo 7280998617,-27.104913,-52.600006,7280998617,osm
osm-7683649412,Semáforo 7683649412,-27.078036,-52.624714,7683649412,osm
osm-7683649413,Semáforo 7683649413,-27.077841,-52.624933,7683649413,osm
osm-7683649415,Semáforo 7683649415,-27.077948,-52.624664,7683649415,osm
